latitude;longitude
39.06480286790017;-77.44680177120523
38.971005783863404;-77.41032863665195
38.76533439971662;-77.09401022564334
38.95680036739782;-77.42197320754222
38.806705883101905;-77.04852051563202
38.85169920105701;-77.60772059439162
38.8661290623933;-77.39530195065213
38.89164348300415;-77.26460483107445
38.844310951381125;-77.4165591752144
38.85299210449228;-77.23291993346683
38.98389070278382;-77.37618380540171
38.814349652294304;-77.10467974702152
39.06294861898911;-77.50339927776942
38.81311113040322;-77.42664115278879
36.764034481513924;-76.18594204305576
38.19856779966547;-78.39154127554906
38.12085751895718;-77.56583909048622
38.283805746294156;-77.85695057841669
38.967906408799905;-77.02880585550342
39.03611169076373;-77.46344503215208
38.823565181551764;-77.29680743606042
38.84468258522507;-77.40351833651017
38.85290342609338;-77.29022483462408
39.09115138125377;-77.04088106506578
38.881607420830065;-77.15424437618846
38.44090388907134;-77.40910071960869
38.875731295380746;-77.3242969467828
38.75044262293452;-76.82270719941641
38.87315019993289;-77.19278723232527
38.632002211912734;-77.32151512030796
38.11436062485078;-77.54996840018048
38.86785607044439;-77.37334323572176
38.726335626948526;-77.39312299899359
38.448485016354766;-77.4358341242053
39.01601855964111;-76.9395743102067
38.81838828752328;-77.45217244142253
38.92309362003312;-77.53339929396036
38.82778957424253;-77.24203321544492
38.869462647548865;-77.35941287986192
38.26373735149079;-77.57709831873994
38.58708347567495;-77.58275978491635
38.67389651491423;-77.3534382286971
38.8581291320379;-77.10962675187412
38.129584718900176;-78.43249157087416
38.858627549485405;-77.34468249698227
38.87853566473025;-77.37714944352183
38.923832349466124;-77.53304215196769
38.76644761594229;-77.25062628024543
38.99074293472789;-77.04502376504779
38.90069432014319;-77.51675661885527
38.8640399482078;-77.19692346024466
38.81263265606188;-77.2855521527223
38.73558405812572;-77.47943415280054
38.852374506019125;-77.44933656350982
38.83931925404821;-77.44963351185713
38.79357422483643;-77.06537804647911
39.39349950465853;-77.15262591302398
38.94534176182091;-77.41700606594338
38.8940462816538;-77.21114093910536
36.859702453708515;-76.10212542448633
39.036898659228505;-77.18126103363127
39.04730834807711;-77.5186298137063
38.673168349833155;-77.2823381500396
38.83517290467662;-77.06261048745675
38.61367916950987;-77.33901930025067
38.65093499294426;-76.86443011636499
38.86969325808105;-77.41461707245725
38.9486543016907;-77.37975612800186
38.470455342730354;-77.45999350117957
39.04909973343326;-77.35720694483923
39.052624812641504;-77.51265996263041
38.747317559835096;-77.0725589440029
38.874194010715954;-77.192121575682
39.31181470971957;-77.61386128934771
38.86048121432907;-77.35320964290892
38.758191794555664;-77.13619934079114
38.06775784625186;-78.69524526451322
38.81324108550123;-77.44950652745527
38.734614940112614;-77.07862858546878
39.47873184913749;-77.32126655860903
38.67344838709612;-77.43447731490262
38.250942376961255;-77.64171463459036
38.967308698939675;-77.06592425187338
38.99263095606932;-77.58327588528769
38.897214342822956;-77.15301125984459
37.60062888505375;-77.4818492367063
36.62212244144781;-82.16406399570312
38.85019843656812;-77.3681892206083
38.58709825496611;-77.31112857892421
38.850002004736794;-77.37008597276765
38.48281704455527;-77.48245313567263
38.810216105969396;-77.09736108968703
38.649499871357726;-76.90738165807718
38.84393954479589;-77.44256098802256
38.94436949280263;-77.40262391076611
38.92838383139643;-78.11202912314488
39.02692713213267;-77.38652941389104
38.92756385666186;-77.57270725021536
38.83079608282747;-76.74040805182831
38.87537252732837;-77.37494229548845
38.967264851441044;-77.3365752977041
38.862049942676585;-77.39630886470077
38.86620755620012;-77.38936310010058
38.97882310197443;-77.36388177851238
38.231695813240435;-77.53204720618724
38.9632767582089;-77.02220257877458
37.369910675817565;-77.35498947946328
38.93019673708579;-77.41163660670317
38.86944617919394;-77.45630659857412
38.91362342958404;-77.52622042974598
38.92901640320229;-77.3851202462908
37.68163671451861;-77.52370367643101
38.65652834257974;-77.27567174821735
38.81460164963859;-77.45694457347756
38.459332968154186;-77.45034804110662
38.87615272133918;-77.21541140948241
38.98322564555987;-77.49980373990462
38.75967818028862;-77.48322920774883
38.83773761393229;-77.40447534121685
38.93687547757012;-77.54859803175698
38.85284390192872;-77.30700816116156
38.912517208577306;-77.20994930166692
38.94495112005757;-77.41697050631386
39.04418023320571;-77.3991822793334
38.85083798739004;-77.09881362177644
38.6918335418081;-77.2151172321029
37.93534806044758;-77.35825319913239
38.7546342704378;-77.15500113628138
38.80300894024366;-77.26360730704785
38.77474979868923;-77.44367309098213
38.8391788857951;-77.40114157218547
38.80756657427302;-77.11059451291212
38.88232919255264;-77.42752437667603
39.31070962474813;-76.7704122397522
38.762921675896266;-77.61629079645384
38.9363255997952;-77.19141984189696
39.015356094539996;-77.51937269290714
38.36968122578427;-77.50334392847284
38.91180201033431;-77.28612262401245
38.98461010745817;-77.38764443708472
39.20583783586885;-76.93165240791616
38.778223153340164;-77.28148258347451
38.70702827160987;-77.22974778862194
38.927501984914834;-77.54347181723163
38.833054487267475;-77.05592975456226
38.250167240222716;-77.53798626292097
38.66945970719808;-77.47696205526519
38.8806512424503;-77.27123957648948
38.86058432133539;-77.3725239929381
38.86480046774434;-77.36695640631784
38.117336862692184;-77.55647954797857
38.86795333377477;-77.39138138819524
38.24170204881872;-77.5313931232011
38.852989364095706;-77.06233055296047
38.79293441111221;-77.63581063464144
38.62142134143746;-77.36547210950516
37.648084470265076;-77.57668551210217
38.917027605252024;-77.26059081223036
38.75588567354822;-77.06460883287538
39.63561580108033;-78.9421798135629
38.896657117257654;-77.3951219428192
38.93621901558258;-77.36715567246728
38.85774533497546;-77.44051369924834
38.86609684128306;-77.2589841877549
38.46224450974725;-77.44385693034624
39.01524449182927;-77.4185187178414
38.31821049547111;-77.39943713432136
38.72464596774038;-77.62028776999564
38.716254902589576;-77.78632009670284
38.89281056375005;-77.2295610685681
38.88531325502814;-77.37609514159625
38.81253984516502;-76.94531920837262
38.96876491706734;-77.5092616923382
39.123807411485;-77.24235131199934
38.64096699228012;-76.91354880359825
38.97303875387393;-77.36417714611682
38.778903592425685;-77.52911853942658
39.10428995200356;-76.79518670442722
38.884614938208685;-77.2410093740154
38.83336108987438;-77.40872765385085
39.117936453060544;-77.52826865389795
39.11635560829728;-77.20363434649911
38.90464277445664;-76.93428662240406
38.84454472126127;-77.40086547884864
38.770307369022994;-77.49943931204386
38.846211577503865;-77.40945593955638
38.911058367493936;-77.51472696818153
38.76651096260448;-77.44357468196644
36.86432698817637;-76.29798452141993
38.880484759691946;-77.10662450632533
38.79236897217707;-77.64955854554545
38.745339127642346;-77.74546950782384
39.0359656547235;-77.3746930313471
38.01805793602083;-77.67999704927986
38.849629222805994;-77.40583674884373
38.73789891298878;-77.28161389210257
37.57318461996737;-77.49888467579208
38.69127379921374;-76.93861708069882
38.83123936101219;-77.44961679031722
38.924927433521646;-77.53310144032827
38.89173951030756;-77.27783751958314
38.91700970998905;-77.51454543791804
38.9295518943742;-77.2102155762103
38.00908033080493;-77.55654488122482
38.90775426182081;-77.28193188107879
38.739256523854024;-77.05153767822516
38.42967126850706;-77.41106198174113
39.24948617125063;-77.18884965594142
38.742750142242805;-77.55348689262375
38.98505426188525;-77.37566716778083
38.87428358143917;-77.54432146948322
38.88088642282298;-77.10587959495386
38.775527283511536;-77.21261680539591
38.89814517221948;-77.13324868545337
38.80221183702755;-77.306421963485
39.02041905374573;-77.50437691689153
39.02404465138202;-76.92566217304531
38.87237714075162;-77.38627864896257
38.811192006749465;-77.4565177085237
38.75407363069553;-77.59030930325468
38.88239791042774;-77.53707426843087
38.693116735267964;-77.3715473594619
38.84182211189857;-77.28123234647117
38.79236724864972;-77.52955524157335
38.95065616061497;-77.40618692676891
38.56581776151486;-76.91980250691282
38.89953179453874;-77.28199551090843
38.92881645105962;-77.54253243658225
38.89268897711959;-77.2955032219053
38.068823165791116;-78.69299803393577
39.048273969531316;-77.37591197409449
38.845013187074464;-77.38214205846263
38.972574099819646;-77.34432838257095
39.39688882889158;-77.45005201253211
38.46076486638395;-77.42121085606568
38.84122367697571;-77.22580482753196
39.3960022311474;-77.4495935426359
38.86386180608672;-77.05371871814327
39.00476011544965;-78.33546581710907
38.79669425299867;-77.19830934785328
38.96838441509818;-77.54641471067274
36.817883012565694;-82.16228162528793
38.035368080782064;-77.55406105805243
38.815831985654434;-77.26202942737572
38.88226610411454;-77.53965069827255
39.04642859018757;-77.47861557615168
38.835007672473864;-77.46333470507017
38.85311502670879;-77.12359986811599
39.00735592109709;-77.52015008909352
38.87332571925266;-77.22684408839879
38.813482037582375;-77.07740439174918
38.89350840836768;-77.50457162384404
38.80198135749217;-77.07249263495315
36.89816471214433;-76.28159540562402
38.99038847479034;-78.05455732544505
38.87511475802897;-77.42870379441626
38.84987905326621;-76.97512504857055
38.90944561715554;-77.41740474409262
38.83369763847412;-77.66785758349457
38.57893810988179;-77.75952602624399
38.424229022160375;-77.41174611422328
38.92564477468412;-77.17431103453957
38.8734696064268;-77.3804736496388
38.96293235150726;-77.54044167686307
38.76367166948584;-77.43571660465615
38.62453632677614;-76.96201061307214
38.880472265270434;-77.39106128438067
38.8017146753128;-77.20164437459916
38.913461050409005;-77.5465908378316
38.68469471760847;-77.33277317115078
38.84173308520709;-77.12204589593969
38.81631603048695;-77.43773554780222
38.876998459962984;-77.2570011722601
39.180467115743255;-77.6438046992538
38.5826892469573;-77.77531129711882
38.7534109307078;-77.46896331234504
38.62176768104194;-76.92593700568712
38.97755637069159;-77.34755506565337
38.75658027902195;-77.55987738248557
39.22208089906933;-77.3798437906542
38.738716059284386;-77.21750186112273
38.8961939841516;-77.32495072255864
38.92686554418345;-76.99503877934225
38.929353419979115;-77.4174846574483
38.764710131903854;-77.09119404783695
38.854466321282914;-77.40685964895573
38.67287550518252;-77.43139755113438
39.013258194025326;-76.9826263661072
38.87539062020271;-77.43125456468454
38.911840054802816;-77.21289191836752
39.114958180134444;-77.55611908617996
38.86277369460858;-76.88536650517548
39.20702443451081;-76.84285049912296
38.92673161174596;-77.58161747991817
38.84140148415263;-77.45113063954292
38.8760037466405;-77.40177054965221
38.6883604850487;-77.33107276071402
38.832483096162335;-77.42822244550709
38.80144290946312;-77.27771980391826
38.928870529238296;-77.2281249375889
38.88005516431238;-77.23372423183618
38.938526898169606;-77.5722970791605
38.74092254766426;-77.57044106831438
38.898952464543896;-77.41591433399394
38.862685486025356;-77.36707055636347
38.85380988451232;-77.30612672790724
38.835910348612316;-77.61748175324007
38.95917333294155;-77.4189168457207
38.26361630226172;-77.5537915774251
38.96452593827376;-77.52583748306576
38.47599532165316;-78.08683775764598
39.052545412689305;-77.35822357805931
39.046973004639085;-77.20312416014048
38.5858726806401;-77.28971256489538
38.81002138672923;-77.31607889042255
38.83625037739175;-77.4407039978455
38.98297886070665;-77.39874562002842
38.752448201134314;-77.57830625502274
37.99501359610258;-77.44301469787045
38.9319713704038;-77.35397639683622
38.81142747867863;-77.61943750832874
38.291202727758396;-77.48933006937389
38.87377850704262;-77.00785046780085
38.742275195191006;-77.16968109868446
39.01504032180355;-77.27740505059059
39.107551476224764;-77.51691724970563
38.68898929964539;-77.3419339401416
38.80636404309542;-78.23449958425316
38.90432946038501;-77.38521081186892
38.89669985394808;-77.0721153581169
38.91265295460389;-77.04171363656324
38.8639577756119;-77.37716116599101
38.890358320449195;-77.4240782359173
38.79130263950933;-77.13967904241407
37.422804555681516;-77.69223874862675
38.91010271733078;-77.1999850809064
38.801209368947596;-76.95175748850168
38.93381212013423;-77.5535612281392
39.04726761109325;-76.97994819550325
38.705270335874246;-77.21677056954118
38.56319442987756;-76.7692926920768
38.84643083091168;-77.06014175301978
38.79651655861347;-77.24817075875401
38.72549958352828;-77.46284304344492
38.703414914541845;-77.21474350946984
38.87567098520728;-77.41175750038593
38.637102699443695;-77.34955049372552
38.85574869307508;-77.35847835509865
38.251775500783744;-77.23358154369453
38.8040241550583;-77.20697336947211
37.874966960229294;-76.25024263429798
38.90187470062257;-77.3269476885368
39.01860612254317;-77.49138468094814
39.004721038424506;-77.40051445424245
39.05161244722926;-78.14868814487238
38.76180942047412;-77.61606041077299
38.93022697189708;-77.53582387335685
38.76772926314273;-77.61092041186599
39.05274861376803;-77.4182341549703
38.74726845358815;-77.2319700238135
38.954809777534166;-77.41928176127767
38.80833025537143;-77.16704899443349
39.05140447014164;-77.13075131513217
37.666412120064514;-77.64070742432426
38.823892539336015;-77.43665863473461
38.88188931831172;-77.01214034536831
38.70882121653677;-77.19845450972585
38.66325058853136;-77.35375694961805
38.78857717430668;-77.61630497813069
38.776550525071556;-77.06755477362995
38.852261382890596;-77.30574494198044
38.70440863057589;-77.3042450726876
38.95085691336101;-77.39031484986762
38.843800265167836;-77.1802989858971
38.61975735820419;-76.58316466766094
39.021847257186685;-77.50697934567667
38.86171435201631;-77.36989667363827
38.336946155097166;-77.74016194237994
38.8390430989294;-77.41299161987214
38.86893765843291;-77.32642963219067
38.98435683872515;-77.54316012771376
38.828765023459304;-77.10825974494213
38.863906584922546;-76.85839021525733
38.889259585254486;-77.43046185249574
39.019293775316164;-77.39528867827094
38.90326581789408;-76.9799367925438
38.7685234426429;-77.50092733296555
38.72926286621189;-77.24329097177066
38.8638231348256;-77.05330782336551
38.82425847418635;-77.3756370978913
38.867705768073414;-77.09618363968474
38.8488141642228;-77.39121802484007
38.9696951473053;-77.35786217230842
38.848484670172965;-77.09847155594542
39.04659083827444;-77.45548440081173
38.85265676399988;-77.36268680087828
38.61105065409343;-77.26129167159209
39.21539827184385;-77.82903322994567
38.920231816768116;-77.00847427434196
39.277714315482356;-76.80825815765002
38.88107053793269;-77.3913624677854
39.12583745536417;-77.15727571107439
38.84003464944569;-77.45317729230051
38.850901613749194;-77.21965447854993
38.79047976917256;-77.30418811173668
38.99176381677434;-77.49359414997257
39.123815582589806;-77.20187688006844
38.597061716540516;-77.82386090257768
38.72166731020598;-77.4630326822212
39.15363280426609;-77.23317602390907
38.579884018054734;-77.30368311100631
38.95474255477602;-77.57495017676723
39.29921913742435;-76.61700021392797
38.71579971136069;-76.94192403575407
38.83540678953885;-77.111930518061
38.7556269313356;-77.22126051439008
38.85442495388057;-77.46545906888163
38.89472829860073;-77.13239717080049
39.046077544877036;-76.69516955275675
38.74034574515023;-77.21279232694597
39.43594575474584;-77.40221731400742
38.82527862321532;-77.45061708974062
38.92287284410949;-77.55387086066536
38.80608987712671;-77.05202819631191
39.058771332097784;-77.48916065036168
38.789645494868545;-77.65308674897429
39.085850025587455;-78.18984997380777
38.80777381780493;-77.66773655515075
38.99680354804145;-77.28550879268256
38.92557087442656;-77.22989173903929
38.91501676764732;-77.39374798156341
38.847749172456936;-77.44651173495937
38.85722481825514;-77.48289979874055
39.21778642402812;-77.80030636916662
39.00610512943314;-77.52307723742096
38.948936089971625;-77.41372588961049
38.599466314998054;-76.91263574636395
38.27062937774458;-77.56372556136823
39.05842332368579;-77.47736426345068
38.86295813434437;-77.40476783279266
38.78522151550128;-77.16516420113365
38.80344038473403;-77.25878269988704
38.892900388844936;-77.4178102747727
38.94514666870126;-77.58790167201336
38.677086999944954;-77.96452380602457
39.04585444989113;-77.05037005334684
39.11271167331802;-77.7602735758202
38.978353777555675;-77.32764965778362
38.734359790446405;-77.06475175536707
38.89162729015801;-77.12030756426203
38.74793298422371;-77.57056820868856
38.84274030905535;-77.43819427442105
38.88799917985324;-77.2109985962633
38.62324798244792;-77.36564661029982
38.8897597720791;-77.23539243654491
38.96675040086882;-77.53870191880792
39.007629354646355;-77.51874399549736
38.84454548946226;-77.40721335530344
38.915599583902555;-77.11669000708842
38.78187725060267;-77.24873118483873
38.851048355928235;-77.35921346103709
38.73558819536407;-77.55944996590466
38.89704046117978;-77.14638669437211
38.91421441036322;-77.41990604665064
38.88271639009713;-77.11051031505791
38.9118819890399;-77.23229176450172
38.917517321563125;-77.04847450881674
38.85790831829564;-77.11796962794561
38.643890962127784;-77.34867094505694
39.12933690192427;-77.75418216315896
38.87596124282232;-77.37296616094817
38.84482634768349;-77.38441805063489
38.80938779433163;-77.43239203884885
38.661528836092984;-77.40530089697084
38.906914695548714;-77.50432041097227
39.04385721465582;-77.37621607633706
39.027175589472655;-77.48888264611689
38.878900025137675;-78.48125444663162
38.77323918245334;-77.05900742652193
38.88661921653959;-77.39001200513961
38.89780398722664;-77.32437463203604
38.66966617160818;-77.4315653181236
38.47530073042661;-78.01322326869419
38.80641676234735;-77.24483751859881
37.424474063188704;-79.2443656882884
38.9292825959632;-77.22867860420557
39.30914590372201;-76.88941713254479
38.77984963475471;-77.78804203159304
39.02790992663254;-77.46567664402039
38.978262866822675;-77.32281917922144
38.943084186866926;-77.3958239849037
38.95642482531406;-77.56136184278336
38.88842403397279;-77.42802643476199
38.789922836275444;-77.29199390964466
39.01115677645365;-77.01996120157773
38.744808508602546;-77.4821445588726
38.90781377354844;-77.49786390342204
38.23249550321858;-77.46415788632324
38.82472127673061;-77.41852180225357
37.79853134334203;-78.49768487421537
38.87550543268578;-77.37051129491456
37.55529828205577;-77.48092884864886
38.83614869831797;-77.41155568031903
39.00419912467691;-77.51372439615473
38.84695440755195;-77.39364866384106
39.233196318558925;-77.24439166669406
38.96901636184229;-77.38880200117013
38.91331232982861;-77.55988998960615
38.967889954471126;-76.78368083904006
38.720277581355575;-77.24939702035071
38.23211596516251;-77.46867830152276
39.46187285406077;-77.42020825209312
39.65820411346688;-78.16221993567063
38.83343560450326;-77.06674461167894
38.71991697474795;-77.4726700805816
38.916766835228096;-77.52756390270739
38.58357997015572;-77.76129552810015
38.91789168016988;-77.55140970382675
38.268424311763134;-77.55515965752265
38.90353897986917;-77.50086524261843
38.83578525389475;-77.1042541488394
38.960344414765935;-77.0678079156993
38.84220093504423;-77.62527938165283
38.8134721694242;-77.061420561058
38.90585469213406;-77.14504641751337
39.014698781800284;-77.52066830091071
38.767941019597764;-77.13026493563727
39.106715610416224;-77.50363591025192
38.86246742611047;-77.39047932558624
38.88067073586901;-77.10813283699322
39.1277069114386;-76.83188243781106
38.74945612590181;-76.7819568489626
38.77287073057173;-77.2816433419944
38.82254318295316;-77.43133873802448
38.89142297849113;-77.07732679580762
38.61700177876064;-77.38815580282403
38.90134470924352;-77.50319571348565
38.80749484217226;-77.37041194467633
38.63318246128244;-77.33468743004978
38.816494095831835;-77.29926798035542
38.797322204380144;-77.91262902685837
38.770415217548894;-77.39121305166088
38.89319308244821;-77.18349903168522
38.86818107527103;-77.16896103640731
37.32694390605244;-79.92245487794257
38.820567662463134;-77.12796671571111
38.75776608960651;-77.31777600189163
38.892217745573646;-77.07796816156588
38.846363612641916;-77.11234312475518
38.82845352139225;-77.42174097351466
38.608508310968894;-77.29999118605063
38.880055021295505;-77.54199056561706
38.870719123186014;-77.41494678371483
38.89456839972396;-77.49575885029698
38.936198926650846;-77.54856506556163
38.935155759940564;-77.38402534279182
38.7391250252493;-77.58258663910578
38.615210638196885;-77.352752659702
39.01195470911976;-77.50892457377373
38.83658213496194;-77.07549161513283
38.895065266918465;-77.4967099672958
38.836497443374576;-77.60107134454309
38.789685978171384;-77.1577336134152
38.8964416038846;-77.40972304224054
39.00966607696625;-77.50428822021638
38.87416994507279;-77.29903786297754
38.977538796631116;-77.54056932982662
38.944247308657644;-77.39370180905537
38.90526771832239;-77.51288707553852
39.00481916560064;-77.50453900655519
38.84744180842558;-77.46016189793674
38.99783640692678;-77.4849359127797
38.86960120412907;-77.4232699320652
38.83473497332218;-77.41714928180456
38.8090357962314;-77.19862625826353
38.66388305632076;-77.38339193699974
37.242361897409474;-80.44354616106355
38.825922699861785;-77.16769440209524
38.64887491743853;-77.35919296523224
38.97264813598339;-77.51790891610366
38.821457815780825;-77.19164307843432
38.87508914314739;-77.24271348213679
38.93758530368769;-77.55061540354495
38.86461766760252;-77.39740526783318
39.20321257739295;-76.8287888026954
39.04429842564664;-77.50168818568432
39.06326295624535;-77.44759519255776
38.81765189562892;-77.41991899020704
39.01663274765078;-77.49295823472117
39.2370416425566;-78.18044009681003
38.73868800401306;-77.27132318685948
38.86837688012524;-77.23209146306442
38.75818235040965;-76.8927103018584
38.85330740251387;-77.2817906186861
38.725564558958375;-77.46137264641624
38.861067671748806;-77.40130372953432
38.789684837440994;-76.9168467666618
38.89593831414349;-76.86933534119902
39.236353497414996;-76.77809895817656
38.934111093466875;-77.55501498028116
38.78325182393781;-77.15228912568773
38.769183716177324;-77.1721780104915
38.718129925590084;-77.7866213620396
39.266826404681225;-77.85650064025344
39.078600988508896;-77.23238050260923
38.856179520387194;-77.05583219425752
38.65129600909361;-77.3797310266963
38.94503951702193;-76.83752938027084
38.270867636891;-77.84051975590225
38.6747014612443;-77.41604877940323
38.86532759163472;-77.05465337366248
38.91351877452794;-77.50541992593374
36.699364102581576;-76.26223128342014
39.046355834048796;-77.35325068060398
38.63042175194285;-77.31927956218352
38.86090846878708;-77.31561474279934
38.92319369495034;-76.98380932860891
38.7032686237007;-77.32791188007455
38.872848654633316;-77.1667571486162
38.81329226230715;-77.05275144579203
38.783955691472734;-77.22518546339221
38.66307259312625;-77.38968090088899
38.863438736468346;-77.15032229694741
38.88962876752465;-77.26678622218076
38.8713924031245;-77.28294639993955
38.97456366627519;-77.512742428366
38.755942938461146;-77.25481169228556
38.87736658958092;-77.43842217261431
38.9291454405703;-77.35764848578464
38.98602059218849;-77.49677587739679
38.668792803119565;-77.3850818564731
39.05730255750656;-76.86205619814356
38.595829047607886;-77.15939513900963
39.02064249619047;-77.13062835117252
38.89585847424212;-77.07845080166229
38.842750109632355;-77.29736502778256
38.950277006862635;-77.40195063308461
38.78414046753695;-77.21126845736065
38.974728642708065;-77.51383439372147
38.966537885609554;-77.41412852782734
36.92779292553009;-76.18210593381815
39.029998472444184;-77.53532430746823
39.01190520044221;-78.04562250737814
38.85497487820652;-77.19038576563376
38.64406016190769;-77.38157344944814
38.946804596381405;-77.34441076736431
38.73225245342811;-77.1733684580289
38.373080726534525;-77.5133705149252
39.18657769063228;-77.97647637790413
38.92274191645856;-77.03053644052817
39.04831852271572;-77.34844246289641
38.85911165784638;-77.37480775018446
38.89734137761963;-77.49037576340426
38.86759475830997;-77.58919926047653
37.431476135535185;-77.72596540312186
38.84640472993764;-77.42430228755076
38.848260298013884;-77.22081813072721
39.00363823006264;-77.52380593506645
38.846725226350685;-77.42413455658803
38.88214070321059;-77.1090610439067
39.04747160236353;-77.16560286880912
39.12311429193581;-77.54334061829884
39.12620738779488;-77.59350718777607
37.26185192007587;-79.95847981452333
38.803928347117534;-77.05163778678538
38.85353142837984;-77.11779367080103
38.89560335340518;-77.54483997797207
38.86131464536216;-77.36828296173994
38.931752385740026;-76.49545589342746
38.67328040591426;-77.33039596149217
38.92005987372001;-77.3846364097972
38.93440736832339;-77.56832681984915
38.84358555073035;-77.06754597668058
38.88732352484445;-77.08179961838785
38.88177297652691;-77.41063095858632
38.25900046991091;-77.53952835585102
38.88079994856767;-77.2271660862108
39.1278216035602;-77.22693938553248
38.90031491669729;-76.92828464661102
38.76973081402734;-77.18606556137532
38.68144071413589;-77.34372006170996
39.081311104320065;-77.58719455484044
38.83936116437795;-77.09266598722063
38.761551920019514;-77.57267059511257
38.774130244742025;-77.16148653963651
38.621732820638115;-77.33014810777725
39.003802042626425;-77.3842223748321
38.8518241127067;-77.46123534463194
39.12087296211824;-76.64267847487874
38.77683135840886;-77.4460107709692
39.066613249983554;-77.7372609243471
38.551691428205025;-77.33830341786377
38.804099558607994;-77.26893537544558
38.77871409426395;-77.15185898419764
38.99725283023078;-77.07071655582342
37.40338929749541;-77.70530768042408
39.019844278158466;-77.30771633178966
38.893948024463185;-76.91052871995615
38.7903667016194;-77.30304731798826
36.87799909640229;-76.00571938891969
38.61769955637011;-77.32125646202273
38.605641565401854;-77.34497971882855
38.93238169624435;-77.2297774704759
38.73111296997429;-77.47676165824647
38.84390511516373;-77.05356715698062
37.681322344268416;-77.68820265589456
38.90137610767082;-76.81116240949233
39.03286019947459;-77.369233176895
38.88289455365483;-77.1055993252216
38.92765712520952;-77.4061168710558
38.8299542264752;-77.4694045257788
38.81800112701682;-77.31061303758396
38.3083894430312;-77.42370485830386
39.161077222272155;-77.27529127131025
38.879972515688124;-77.11849504690623
39.00207874169713;-77.50456127340587
39.05263971225369;-76.98189261677885
38.86219271638271;-77.09005129966404
38.27837607701636;-77.4953877417927
38.631037349438884;-77.2866507912475
38.79824365469656;-77.24603162673948
38.840359236798385;-77.25162505093122
39.09643038449297;-77.21500094390744
38.97585831792443;-77.52909797343379
38.909731059533925;-77.39643501481288
38.99066171365678;-77.51129700836378
38.856131516794385;-77.41487371542465
37.63557304872317;-77.2993823939095
38.98329301330453;-77.53531565428317
38.68361349206919;-77.32003360246037
38.79581713228546;-77.20959974015268
38.871316356440445;-77.40046278860957
38.87954651972723;-77.20451697740681
38.88680529648192;-77.09026396379659
38.789997691372335;-77.69547875029723
38.82562614691098;-77.17859600826947
37.59940035228998;-77.46471848174066
38.74413872458642;-77.23278219979275
39.08162931670563;-77.54778477922552
38.89411726474886;-77.08024126529875
39.07879520992113;-77.48910537799736
38.881855455075794;-77.29772299547577
38.59295525945314;-77.31300897517247
38.82776702143502;-77.45050275461223
37.688378245505426;-77.63101141492682
38.87793860233118;-77.19963332815607
38.85972343592127;-77.36361366347853
38.845959014733545;-77.36029319489258
39.050123669886254;-77.50429276473353
38.84834024536472;-77.29567361925022
38.636013960909345;-77.30190214473762
39.1523511112169;-77.1684954269834
38.87661167712531;-77.19455531889233
38.72127344216417;-77.46485296994095
38.76128970507395;-77.13951876151813
38.236870288987184;-77.57322544860018
38.80904446188031;-77.2853334229186
38.899769002376914;-77.55465149194717
38.90779453337843;-77.5486691053707
38.88833211410836;-77.08630103894941
38.67740617628183;-77.35735830709146
38.97999939035841;-77.00394149825536
39.03183765917262;-77.53355915283696
38.885202954639084;-77.1110886087474
38.929754108635755;-77.39678830055587
38.76192163511073;-77.4641328976803
39.120576794789294;-77.25352987827561
38.8547650630254;-76.88327594386087
38.84929365387989;-77.09696672155147
38.919231013984756;-77.39047143908094
38.52301073529794;-77.28983763461412
38.856932836048806;-77.6139944812051
39.09714248426797;-77.28503860351233
38.93987125845099;-77.18938244643779
38.87994311402829;-77.24565114306075
38.89710557374424;-77.06793000674675
38.48289678860151;-77.39805807823426
38.84181305847393;-77.41336311357652
37.668705982346815;-77.46578355292553
37.63254989147782;-77.44260177896078
38.97294324536599;-77.53589789409173
38.2596662131113;-77.5712188523664
39.1194332640264;-77.09271693850125
38.44716978738378;-77.43346336007176
38.63067361376326;-77.31607902772542
38.85838835970406;-77.65061539563558
39.06074988484463;-77.44035622773941
38.62653968927877;-77.34354573658378
38.62175488294992;-77.27923472659566
38.88272208189983;-77.40309651326864
38.848789163016555;-77.0512395514945
38.84946991557548;-77.09661583117925
39.20912065996118;-76.94700613900983
39.00693144699074;-77.51216402264617
38.907375396720376;-77.47857005785858
38.974270004049984;-77.52381644277384
38.77569344363544;-77.15443217065503
39.21940263468465;-77.2860426579447
38.92944685766839;-77.53292489242163
38.66992425529855;-77.34826717296276
39.20749408127832;-76.78719805221967
38.93342677303601;-77.55772558746014
39.11613693612405;-77.69595003559401
38.853685519827465;-77.36543563273281
38.7248373810721;-77.46432280498071
38.82434608861317;-77.05921940621002
38.86775585409101;-76.94549829884608
38.56892638796138;-77.29690540106601
38.91752728243404;-77.49818206644201
38.86675250877489;-77.18346825250399
38.84469273646307;-77.45490079158537
37.68563467323024;-77.57488958363948
38.899411058676876;-77.4237274455949
38.24359829238002;-77.54490800205296
38.854437576350044;-77.13602144305719
38.9721577176888;-77.38901854974398
39.03797782278994;-77.04982689831817
38.95913307656546;-77.36228408530627
38.995776477321876;-77.58697266484143
38.85096663415093;-77.22887702738387
38.88174369305818;-77.1064786490602
38.88197251483936;-76.93118100035628
38.7514687633191;-77.08879957934597
38.86830389598195;-77.36849296561022
39.04829906091769;-77.39617382200476
39.05940827680486;-77.50132224682875
39.03120769563908;-77.3839233446874
39.144867408409944;-76.85486766159877
38.85173936609921;-77.4811037673492
38.84477048314022;-77.05169519424601
38.91615978018145;-77.53955702213803
39.081136997844744;-77.21822065215459
38.85006134444797;-77.09386309082603
38.83960587303375;-76.89554415851003
38.879645677403865;-77.1132490298718
37.331211226551446;-79.8736200433039
38.866376109524936;-77.28042330587667
37.15865537706794;-76.4715543183333
38.83973688308857;-77.09162466239107
38.811169443402854;-77.12790831277682
38.76802750100708;-77.25294844582425
38.846597837316686;-77.4729991418889
38.905837915505614;-77.19914684227427
38.875980602212174;-77.22704368669754
38.84382875661614;-77.42568202526883
36.82888497508992;-76.09746649380773
38.90822662345701;-77.04395808076076
38.70673856094848;-77.25525575717607
38.96401177478745;-77.34501953450011
38.97817446809623;-77.50575849441569
38.75646254722643;-77.55037662818053
38.84671856915707;-77.20126079204454
38.79102049183937;-77.138770277084
38.879575279156754;-77.12003805527671
38.7209350679484;-77.79971130151473
38.999194829581896;-77.497677502024
38.94794477640257;-76.98740663113848
38.79907835259798;-77.1612892599636
38.85743568282972;-77.05835889806389
38.87811691797899;-77.1127517367222
38.798611027813706;-77.2918149795332
38.93192526511689;-77.2651718833999
38.759363433449536;-76.97159369320732
38.88221342704492;-77.10750882983976
38.9976344133305;-77.51869208320169
38.65577002139178;-77.02302527386396
39.058753043265106;-77.47197402939882
38.81771502646923;-77.61276346896713
38.97975636402906;-77.50669454350813
37.98197844802733;-77.53117108736456
38.89785657865437;-76.98988082545817
38.90945264960672;-77.03933923776724
39.05245457451286;-76.98281922997197
38.78308336903773;-77.2802212915994
38.83446210337257;-77.39625096949835
38.97906155162245;-77.53565414567143
38.957604392687536;-77.33109113032738
38.9093149396478;-77.20029641329536
38.91324526934816;-77.28462984780626
38.80324567972036;-77.23908647942422
38.90620227479709;-77.00704786843035
38.96166071931979;-77.37860829204448
39.215941674545725;-77.24012954125811
38.77366943908589;-77.28262708056371
39.032705621883714;-77.53378132730586
38.9043747762618;-77.48861695096866
38.62931522107401;-76.9545775556755
38.87169818444228;-77.36189115192468
39.187676861494715;-77.26808917171265
38.627819374166144;-76.97210477346897
38.76649936118584;-77.26844029255581
38.90810457187636;-77.51390459317321
37.2937182390595;-76.78923612357315
38.905552393674476;-77.55905554880883
39.11127581548403;-77.2534895468664
38.88022098543166;-77.11239356054217
38.852243240881904;-77.41229316931589
38.817025370356056;-77.42029288549493
38.98032140374138;-76.81253066225298
38.871387181543746;-77.4218819344299
38.90544715186266;-77.01164645938847
39.0267387270523;-77.10169414576079
38.856177791898816;-77.41164374764047
39.38291214851032;-77.43102629585856
38.98259913320768;-77.36233870820263
38.86745202726541;-77.14801384220391
39.44264607955657;-77.4596288437874
37.49245229101503;-77.38382126526692
38.7736884332332;-77.02733180191493
39.396490451607505;-77.45494793669386
39.070849353520295;-77.17597163480984
38.88820494256501;-77.2558173538225
38.46902459124453;-77.42735456936569
37.51425085774259;-77.30567476118979
38.88023638731615;-77.00475659704945
39.02158313725023;-77.51203204548092
38.922321993098464;-77.56280366783923
38.43154155393041;-77.40310959897995
38.91881518602082;-77.53242576701598
38.83186777720142;-77.44102640368942
38.91061162253394;-77.56417776432593
38.87626439689191;-77.1131520659835
38.881399771420256;-77.23071892908467
38.85822056162751;-77.34978003806002
39.1536324109457;-77.23429365991231
39.46615826594323;-77.43976846279116
38.85740324957131;-77.08611865947725
38.85993687597935;-77.4152417843017
38.680869144340846;-77.25980261421088
38.820401305362346;-77.0639780763455
38.835527608984165;-77.2706815245876
38.85937511628156;-77.10279762573042
38.797044037066;-77.2110719864259
38.815342265814174;-77.22974873554425
39.05169490849793;-77.17867554381898
37.370181826364686;-79.30648496714981
38.87377134368605;-77.11485182746614
38.83902838487751;-77.42196606589127
38.351531897146245;-77.45551603854801
38.85810252881067;-77.05254938771851
39.01064177970302;-77.37806298568498
39.097416808317746;-76.71899302926145
38.73942758457476;-77.73390317983042
38.88749275698436;-77.31977901022071
38.76232444924323;-77.08981971588209
38.99786519065646;-77.3505617313345
37.99091590482854;-77.74070380468838
38.88491945260901;-77.54728293833344
38.91001826938495;-77.08252248965458
38.92229186843631;-76.95993448486003
38.82490713666507;-77.6141488034546
38.95602693082612;-77.41159123086788
39.165365456077716;-77.09991887482542
38.750948793175255;-77.37154415021254
38.80189775181101;-77.3220452271689
38.87136449203429;-77.46066852422662
38.93271928598386;-77.55981422462669
38.84314918609157;-77.26047166905688
38.93632925958504;-77.0318071430976
38.22087071051441;-77.54135906467575
38.90024382975321;-77.54688490235836
38.76814787865272;-77.10565002086535
39.029380823746614;-77.13076324689249
38.96649791566083;-77.53735796961587
38.630534388670256;-77.28019854201744
39.12138933310846;-77.247701597827
38.853701621212366;-77.1178352427177
39.217148312860466;-76.84790841151477
38.72924058867607;-77.48726496852596
39.04609126144453;-77.52430766110474
39.13270710733663;-77.23021813393159
37.68185508336737;-77.46710804984195
38.77588601342417;-77.23294779555219
39.23921583672577;-77.50704318052452
39.11852938467796;-77.54810423188344
39.016750662293354;-77.51042760436395
38.32909569075166;-77.44661701488957
38.87557720098774;-77.40071769274425
38.80738137445217;-77.16322714646375
38.85353561968278;-77.36187121098224
38.8186393674104;-76.98068713333967
38.91441156445585;-77.21229043055527
38.57799875583321;-77.27056945036799
38.740171991160196;-77.10962666511254
38.87113707623764;-77.23307615195685
38.853727930820035;-77.34683820559373
39.170340789183726;-78.17396034615045
38.968356282387326;-77.52216067661784
38.201352518827186;-77.59880685914011
39.190101866900676;-77.23500502297063
38.98253956517704;-77.52410713073797
38.87967834508733;-77.37552323014064
38.86057309558387;-77.37235314204845
38.88638940158458;-76.92665845305605
38.9499908891763;-77.34011888969992
38.9847044377486;-77.33469216364914
38.89766959551272;-77.51947250568215
36.69807170158596;-76.24276470718931
38.823697553489644;-77.14465753899461
38.63618294976846;-77.3018972089765
38.83847103850418;-77.40000486839357
39.03094620855871;-77.48346363817711
38.846123204128176;-77.42378693068703
38.81665462494037;-77.16044714566385
38.87891741175651;-77.367141202869
38.85084122272763;-77.3240525987846
38.89179089275765;-76.85734947577659
38.836495320938056;-77.27947680370823
38.922181170460945;-77.3933714353119
38.883187142910835;-77.1076549974474
38.82055490579667;-77.13859599993813
39.06104962512613;-77.46603568914476
38.86670618890377;-77.45680102087469
38.971711563275534;-77.26262264976928
38.893400443146085;-77.07768818513556
38.88747696367038;-77.43034571629295
38.87184242650133;-77.20999724605414
38.22272481689398;-77.46096201247957
38.81410007894282;-77.61921164187362
38.913453485160474;-77.52356721086046
38.89820367499581;-77.5427941262269
38.97842661182876;-77.51151329546316
38.93228458426628;-77.0849862862058
38.764920486058244;-77.14724203424531
38.83140631498321;-77.38257498308255
37.66288547439684;-77.55160518901356
39.062416786445844;-77.16890351916648
39.187561951373944;-77.97575955582896
39.447284332436844;-77.37386841918146
38.87726219639704;-76.93051813600889
38.90927296420573;-77.51157617325227
38.926503411698796;-77.21810614061818
38.94391179187017;-77.41053125906602
38.669974195908374;-77.42984620877704
38.88251709141417;-77.40612847206785
38.24282537438103;-77.54324468747102
38.17173422729925;-77.67857657693747
38.742955205946885;-76.92021024683989
38.86668376892929;-77.28580107971366
38.76597762192931;-77.08721317093759
39.12448174548671;-76.79659192494027
38.83849131312265;-77.17912938975914
38.93211674082311;-77.24832644031714
38.90281801460685;-77.01804187903146
38.986220986531556;-76.85795279563858
38.94681693712803;-77.34335446149326
38.71564584793819;-77.22772666199138
38.8189828812683;-77.2364336864097
38.73534846405091;-77.10049837460926
38.98135054516282;-77.00434487891594
39.20549761959599;-76.83175817976614
38.85133062294556;-77.38811569509289
38.75830193531995;-77.16936650286513
38.872226519185;-77.1106526901722
38.960571417650634;-76.93585083491118
38.624349617664606;-77.32548355763329
38.92853481391589;-76.8905741511213
38.83768270550569;-76.90445853551354
38.88004284765754;-77.52537237358428
37.20066697177842;-77.46736003344415
38.63966922265138;-77.36466533437428
39.08960787118816;-77.03915113680257
39.452750723817005;-77.97893296655255
38.90759004746427;-77.55607489437965
38.83490035734179;-76.93649501380142
38.893452233748455;-77.26534328926661
37.52633978884681;-77.4442222354592
38.82515890745081;-77.19954854069289
38.67043133693674;-77.39160060601068
38.27916508771226;-77.61263249181081
39.001254191564705;-77.52509319655984
38.937020335843464;-77.38506994464495
38.8929810435336;-76.99315447610198
38.96282657615031;-77.54030429922737
38.87782154894815;-77.2310993851075
38.827283012211254;-77.29188820915563
38.89762173991209;-77.01657293346635
38.92169649143732;-77.55479722789215
38.815267124739734;-77.32675653002704
38.605511267643536;-76.87841988482968
38.922371310907174;-77.5386929016955
38.905764372651454;-77.20856735048287
38.70196999448017;-77.2279891216762
39.18072336667357;-77.64321486427981
38.88023293368581;-77.22594395404451
39.16684995228836;-76.79451155596668
38.919597635529364;-76.83973009521827
38.94815782669997;-77.35532333927625
38.73886478339311;-77.48765241020833
39.114900415341644;-77.54939065296566
38.622016362630106;-77.31539423834309
39.00116889467114;-77.52623385795691
38.885794236211176;-77.37808123502616
38.923289571999916;-77.40753334486199
38.76321756914956;-77.20191586989617
38.43517886163498;-77.45369462963856
38.756719535515835;-77.49765233667124
38.91714009225524;-77.20778886097222
38.9479327438331;-77.38051606964937
38.84166098096958;-77.23521106598085
38.985826562724235;-77.39435773913932
38.9519108291454;-76.77680739654508
38.714206034178886;-77.20250282746836
38.86408758110508;-77.36677018718784
39.070765934733835;-76.85493353113719
38.846144391341156;-77.4560416484001
38.91877995840852;-77.42076220980152
38.67333310014676;-77.36806019108708
38.899835569647365;-76.89397463836015
38.63041877830201;-77.36918161261906
38.93561174102938;-77.30170626079585
39.04399144165145;-77.11237710575094
38.662661428788816;-77.36046158342451
39.10077061763361;-77.22762534806043
38.88140219773818;-77.52201909442338
38.90113389411028;-77.18105742391667
38.78238297302838;-77.48719104115796
38.27927339903529;-77.6137267231726
37.48383667974568;-77.58481160914533
38.98133445300497;-77.54118362348623
38.75989242725673;-77.44776975464697
39.161577436376675;-77.09418341824777
38.97534738721963;-77.51214442332942
38.704575687552925;-77.76704578110663
38.91959722433293;-77.04811680880724
38.88040602969756;-77.23021643163761
38.918353456629;-77.5009496643803
38.85138508293883;-77.25932258541668
38.573867276680375;-77.30878311037166
39.406249189947154;-77.4393787116026
38.66047818534134;-77.2942577226847
38.51802086266666;-77.70549773784198
38.851318501395205;-77.40734216832105
38.91947167735829;-77.03285122598723
38.61394340154122;-77.31121477752598
38.898072980909355;-77.49144368925764
38.8661172534122;-77.13851598447232
38.80284729080496;-76.52038905848418
38.976283055028446;-77.52102959005397
38.732199397612746;-77.1782748733199
38.94370287452958;-77.39425519890617
38.744382514313905;-77.4431338596432
39.07997461124818;-77.12707661459615
38.864878425384994;-77.07839192028416
38.81140358943529;-77.05385121303279
38.946273632191364;-77.39381383012157
38.97019493851021;-77.52370274833088
38.22351871942207;-77.5459953134719
38.81545354938852;-77.43972380888631
38.42923961224389;-78.8922947509941
38.7282322918543;-77.4533966468166
38.86409143246343;-77.13568971020769
38.845855556552166;-77.43946112457853
38.16473555056672;-77.45077955629547
38.81907152604944;-77.26507802506653
38.8152981256534;-77.10523662228192
38.78705075545215;-77.24885716835264
38.84566547428916;-77.07103152769444
38.8372510633227;-77.13016559944087
38.870189259404306;-77.08249526175496
39.14574242977518;-77.13633049554292
38.85609415174526;-77.44286567854533
38.89978803749046;-76.8961202825475
38.88884795302342;-77.1598648055244
38.99269392027449;-77.08713784873927
38.87701980658695;-77.10935102448174
38.92839317235416;-78.15509783626572
39.08841659269149;-77.54641544218737
38.78273586863005;-77.08170064645569
39.08103273673454;-77.0566075617017
38.93627669498887;-77.53006883262755
38.73134051206124;-77.49994117724856
38.66994566043353;-77.26976654954551
38.88022101422414;-77.10696767816685
38.84331865383653;-77.4463300207981
38.79735935218302;-77.04928919698374
39.18005413168185;-76.88219412003703
38.89721065392192;-76.84308524593514
38.64772999623519;-77.36958186827651
38.92848637221469;-77.57544284133107
39.15239156143757;-77.19103223815101
38.859308317661494;-77.44972284177553
38.66299806127111;-77.46887960049273
38.83330248836257;-77.25696408359535
38.85669792760966;-77.35516674956963
37.51659775148;-77.4033031478813
38.72063463318609;-76.930482718669
38.72188140554443;-77.90325977554807
38.94247302961168;-77.40161826349427
38.799636953878355;-77.06921187575107
38.9662160810399;-77.3912819931974
38.92095025017966;-77.55689780225651
38.722890750327615;-77.07305550583332
38.81825991152428;-77.6116773222041
38.89045010064231;-77.08133054144673
38.979737763824545;-77.09371144995748
38.627923917352526;-77.26994180419392
38.95493406417816;-77.4095423268758
38.75599323937039;-77.1548510276194
37.142623266575995;-76.44217064873895
39.02293062169704;-77.49427508760931
38.9021052739297;-76.98049403761829
38.88083089687341;-77.22936494021124
39.08884852201914;-77.48223127886033
38.816103564785145;-77.209995360296
38.94208549856319;-77.57265726600768
38.88804517327441;-77.13754786416827
38.84595608125246;-77.45474428674807
38.72986379643136;-77.49888761381868
38.770123111698034;-77.56272664552293
39.063518395225614;-76.87993857280979
38.852601252425444;-77.4666053377236
38.655145879511245;-76.96991377403154
38.90870935191451;-77.50793612359281
38.8935851714112;-77.41724936592233
38.98855017688474;-77.2950241697077
38.81762872372374;-77.61154849566651
38.93938484778558;-77.387492627942
38.97479604149472;-77.33024620339914
38.841142010888476;-77.0978720731376
38.840178778112;-77.10738081115609
38.986010725131955;-77.12814057662288
39.452837788117776;-76.61555267150428
38.946070723161164;-77.34446235048487
38.88895519687087;-77.42631742200894
38.81733670813863;-77.12727607750557
38.84437848217359;-77.34339431912255
38.83204729274788;-77.26941432436142
38.92752077836223;-77.60096842209087
38.791085852578895;-77.07795094699605
39.13360389078664;-77.59658384561176
38.73791961375398;-77.73368630277695
38.87194888237724;-77.45021628705638
37.28708649663645;-76.70871298364445
38.86152861989468;-77.39825713627903
38.80172396489761;-77.31002262890574
39.11124168137294;-77.50934039389728
38.45202385129938;-77.59310557768231
38.63023269561189;-77.31564546791701
38.21278179913481;-78.38759263808478
38.598196660857816;-77.29225990472978
39.0127269985418;-75.87304225139329
38.47823722356935;-77.41512073748723
38.971317533604186;-77.53802312212267
38.91967144205053;-77.23945388894894
39.01613715953786;-77.50988434611575
37.602608085193786;-77.3100564215204
39.01344084950991;-77.49434929061495
38.833469671178115;-77.4624277968074
38.87987192811705;-77.10966203391298
39.08943547582714;-76.55510167583078
38.77115985488489;-77.17068463450478
39.36871006455712;-76.70550041396862
38.93299435185418;-77.56305727893066
38.47712285536393;-77.60039252136923
39.02423473440302;-77.38185862476423
38.99001358757802;-77.5328156026273
38.87612020974381;-77.43249084263161
38.78060348128593;-77.29820595894859
38.91196852946314;-77.49724384096591
38.67230719691816;-77.28056110046398
39.0610636443639;-77.16622942213145
38.99734996118142;-77.84095414004217
38.99169808787173;-77.49891266634336
38.91815982979804;-77.11372656620547
38.78997638730512;-77.29726212970282
38.728537570730616;-77.2605691071466
36.680247474267716;-81.99353076032884
37.23843287872981;-76.66848560760548
38.2243926144856;-77.54570925851306
38.65746719436501;-77.32892912984371
38.72244524012689;-77.46296001275479
38.81840263221154;-77.22056491509863
38.9666235319407;-77.36089764038371
38.75854237662365;-77.07227105699245
38.84396992939857;-77.41018747013062
38.89945708283532;-77.42291448857401
38.7553677814702;-77.22621117327931
38.629556384074284;-77.25044975005821
38.873953049961365;-77.36304723304735
38.86854292454357;-77.3693076929976
38.91560016299718;-77.55410930963389
39.16054828122423;-77.30407394892335
37.57143759025333;-77.46892058249124
38.825222540378505;-77.04944440463012
38.87772951581991;-77.43235432376004
39.12495547275405;-77.93107895902912
38.4629136537913;-77.48547138011794
39.03503756434699;-77.4683628760142
38.9239359077104;-77.52149919727434
38.846855015864094;-77.34700685400874
38.82521975862071;-77.33062967498788
39.804969012980635;-75.4600405967778
37.05627711933142;-76.36664074739491
38.872150217247366;-77.40090707514031
38.88355345122396;-77.0953606046593
38.80530558463046;-77.0591331497352
38.889619138874615;-77.26746992235596
39.12049255302407;-77.21032799841325
39.04637108437883;-77.34360911708812
38.76851336893573;-77.43631550502823
38.796925736149305;-77.50925009102899
38.81130605583694;-77.66877662764466
38.916467833544196;-77.07339733611916
39.104464376259884;-77.57677228697668
38.7311258275678;-77.49711881989654
38.847187240010264;-77.45421607459008
39.177944305058844;-77.18625369466862
38.72961672580319;-77.23004037223073
38.92608648899745;-77.55494631998066
38.83159740651562;-77.40922046207662
38.69486104835218;-76.89842091699191
39.01665790273953;-77.49000854351178
38.846255217716774;-77.33787797161189
38.761628288820354;-77.24753650792448
38.921100769026395;-77.34592833760723
38.74111911938878;-77.11146752045327
38.87133062333081;-77.4482614948009
38.90951517884215;-77.3882122335828
38.94216115972831;-77.42873175179606
39.05123954677339;-77.46029495817565
38.883803639271726;-77.10077704333555
38.87592476849631;-77.38088655399845
38.74729813708164;-77.55686276900418
39.18092900517302;-77.2120181848049
38.302341729476225;-77.46138603035219
38.832154370035305;-77.11471046320105
39.177252574772886;-77.28169219694053
38.661310667255556;-77.36063898498365
39.28958565136872;-76.5718423688123
38.8558684843966;-77.46905625013439
38.840757191537065;-77.14810537453155
38.92771862486279;-77.20429867414586
39.28242114390719;-77.8456738479746
38.580276816315475;-77.27935028560097
38.30530656560159;-77.42347214523275
38.20079148663366;-77.59785142857103
38.69070033480918;-77.28773534774955
38.957874653982444;-77.38488826916041
38.375697793458954;-77.52025646722879
38.87588669868195;-77.40019152215905
38.97402793645371;-77.31154878958156
38.82089361601401;-77.18319776570627
38.83456058457068;-77.10579843021496
38.64051132946801;-77.34101901484904
38.45169923196439;-78.87690470842212
38.90563723258177;-77.0098229675155
38.76989145889576;-77.60856617972564
38.43688854329471;-77.40042880539463
39.022790173884566;-76.92662561763004
38.44619008196343;-77.47648880743127
38.245148450864896;-78.01277314630266
38.8971969487548;-77.22870737677121
36.767772000218606;-75.99923349078009
38.05786251926377;-77.52427323197529
38.6724712731128;-77.29292759334668
38.876842105616554;-77.36771467618564
38.90585439701368;-77.2080016746326
39.04690888063168;-76.88458668315943
38.5982837127485;-77.30765417782631
38.833108558456104;-77.10024829126385
38.836895893428746;-77.45395179846776
38.862065000923316;-77.20499782721785
38.927669544857636;-77.33680311075032
38.783042079346615;-77.47005786635098
38.46648225583597;-77.44818149010545
38.477593579040374;-77.33953596024185
38.11876896610701;-77.55578973544904
38.856895290466085;-77.52004258833018
38.771613904557505;-77.1710543764837
38.930418429552745;-77.22993353527706
38.89907409745761;-77.27940270762582
38.870996049461546;-77.10969850951642
38.80489140622806;-77.25900725419885
38.978168821779505;-77.3499741472184
39.02919636978724;-77.38525716409282
37.983533885537945;-77.27827693739611
38.8579970805317;-77.3709429581482
38.91815077423965;-77.18047025151584
38.91922618851238;-77.20871544833548
38.761065067562896;-77.44536689155883
38.286674962133745;-77.57657086935161
38.791574414667195;-77.05046899272176
38.98155002569282;-77.40656730190418
38.70977190680236;-77.22509855970917
38.82886917203393;-77.28427140228818
38.87864139466133;-77.55821585279094
38.97096388324229;-77.53914262377945
38.44425289038797;-77.3950117702961
38.85823484493439;-77.47399003073625
38.23803203229313;-77.51422726484303
38.783912106741376;-76.91197001005908
37.43565602388203;-77.51787278327117
38.88460923925655;-76.75021783659135
38.9075662180686;-77.5271662980577
38.82700425679165;-77.11261598588898
38.605567903832416;-76.90661519225323
38.5854816183392;-77.3137959923446
38.3090921546292;-77.71628884749659
38.64473063848405;-77.34129731860507
38.571204964087144;-77.30749375036152
38.268002764180636;-77.61155143158145
38.81182623499356;-77.45632311667354
38.9481441410584;-77.57927925189112
38.32675311405953;-77.44676964969774
38.850581366105615;-77.27273360318162
38.28124183114166;-77.43452018761757
38.90758028120743;-77.03191685875139
38.93336148326971;-77.58221327135209
38.759403405305186;-77.08836115590638
38.66599177269051;-77.3877497052162
38.83780755498523;-77.13332487748683
38.85142116393761;-77.3542922852066
39.02758171912992;-77.47282820462986
38.66321199689065;-77.40474159659938
38.879747381822455;-77.00634152182957
38.351466782463376;-77.76500116721473
38.73991445850009;-77.05468681009995
38.616301440661026;-77.02801397270194
39.15407780554906;-76.87853404366673
37.99845868181518;-77.64663125269408
39.26749826509833;-77.88484638614649
38.76792853538705;-76.98698937829012
38.72714366426837;-77.48174350489236
38.84629264636842;-77.54129617561688
38.846660686962096;-77.09241690307645
38.82182371475517;-77.63134594325587
38.846817385825254;-77.42282583692416
38.631688577258764;-77.32946716864207
38.82613029168464;-78.7551621223396
38.76003302695589;-77.1644058772185
38.880553009548464;-77.40261356858956
37.16716348562211;-79.70734587256146
38.80178600977065;-77.07755537277664
38.24898249329237;-77.53807368309485
38.834780925248324;-77.26974983734662
38.30772042229004;-77.73297046723404
36.692311408978846;-76.27272646207294
38.30709094037453;-77.73513633228194
38.70274876248304;-77.44144802752977
38.90421169187032;-76.98014886232986
39.15314265464429;-77.27521923407373
39.4659600145902;-77.94578180958108
38.979210263876986;-76.95528592925682
38.69260657826714;-77.31683307403425
39.03577442797479;-77.41318295893893
38.99234630467224;-77.50884391789347
39.04654137948715;-77.51727082402925
38.83678510254266;-77.4593429055857
37.365493397050166;-77.31405021889778
38.77429554595407;-77.1266339781246
38.913412516009295;-77.50958132114825
38.923500142622274;-77.38001176358706
38.641909009311284;-77.48891900515875
38.81851166847577;-77.05514058523174
38.785636674573865;-77.26702586151339
38.73674264451333;-77.2456202809034
38.79016734349027;-77.23420353413755
38.29671348377062;-77.54141857001909
39.004287130591045;-77.39919914290856
38.86344259201717;-77.27046109999068
38.610466073805;-77.30867405301045
38.8903155768587;-77.36740289460958
38.894155087210244;-77.07952078877794
38.98332292075267;-77.53611917485269
38.89774055600045;-77.26091438212279
39.119416438354946;-77.22785589809618
38.8762629069739;-77.02006146055307
39.00042292937326;-77.43207628249029
38.586137333547626;-77.78279662933865
38.88772194837006;-77.41309549481183
38.85587601132704;-77.35337760979613
38.77457772491237;-77.18513614380444
38.93959597515374;-77.36866687256644
39.075574069795465;-77.16720605630992
38.843084023590585;-77.43618693689817
39.38721505572449;-77.44626156224264
38.67791008529984;-77.32305405379846
38.80951774435865;-77.63093921274505
38.94089436651477;-77.40198542443677
39.15708280474717;-78.09917472229372
39.09422423943504;-77.26446602354743
38.94423701894886;-77.60697555020622
39.187542570383165;-76.95977483137179
38.878732236632565;-76.9254698967493
38.38466610417749;-77.48130694109213
38.85534860125482;-77.12484767053472
38.964006369266606;-77.40924473522782
38.955013829203246;-77.40777835560738
37.39277616484019;-77.70178128560383
38.910956266824066;-77.5134597375375
38.89957689071002;-76.8648134153394
38.91483302154708;-76.88944651690063
38.50836851543941;-77.5672034992175
38.87727651945136;-77.39100716785362
38.423385187766485;-77.5774969269076
38.85280672247636;-77.13716937635887
38.84331868270757;-77.35607100722815
38.948177206762715;-77.35831561623287
38.3518741978357;-77.44039045842639
39.01979755364513;-77.52735929726306
38.82836189656365;-77.1272227514102
39.05561274745638;-77.51459543830543
38.743201028406986;-77.77712797564172
38.88143535300628;-76.75227605452909
38.82046627736333;-77.43627364994676
37.32298013333725;-77.45581486609692
39.424530442994545;-77.2742549760306
38.84831355499283;-77.41231534537152
38.787506432508735;-77.28372899328502
38.307306653059314;-77.49519959278618
38.45470410625925;-76.71171771375825
38.841091861779475;-77.10712332720392
38.601609757875856;-76.94944470836309
38.83719611657323;-76.96129553164226
38.73204956017216;-77.76117486221627
38.95434965337398;-77.57611113555679
38.65967606779683;-77.30595667769725
38.77418231547481;-77.21144221513161
38.93267747564699;-77.57945205627495
38.87842999811615;-77.22893865841961
38.85347024784951;-77.40694274789936
37.61946653387942;-77.53013229507333
38.875891211250995;-77.00784032122316
38.74441617550106;-77.58214155392525
38.82993931678729;-77.6589774653039
37.70180781915135;-77.62590460904192
38.881419838218854;-77.4428838052255
38.8912036609334;-77.18878212723537
38.85096936528401;-77.39427921983844
38.7966493587179;-77.07658044894285
38.754030763942936;-78.00960355859662
38.86753136980061;-77.27947851410556
39.11115442490537;-77.50779740720469
38.85996490478231;-77.31988361157275
39.39635576816328;-76.93056023592742
38.63735113990133;-77.07395812042004
39.00035609689537;-77.38662498566529
38.83269029992375;-77.10289721861737
38.825843947320635;-77.44574537129546
38.678874250226045;-77.25617027784078
38.78382280239778;-77.60172825266766
38.62490974001196;-77.26055650811745
38.77560699200672;-77.82212701225258
38.84079065723262;-77.4128086165847
38.83869838129832;-77.06072556475334
38.837551818208155;-77.21646752436818
38.89446964999163;-76.8401541897302
38.90461055580575;-77.14838938489184
38.8421685208813;-77.12041751788804
38.73904491937051;-77.23301417157951
38.28128951919532;-77.47763733943361
38.99123582536217;-77.49385320252522
38.29157217350099;-77.41937563924378
39.04741090535161;-77.52423020063475
39.0479991205409;-77.34967750171846
38.62301716410568;-77.28339564363488
38.90588563455234;-77.51571559632488
38.89769780497832;-77.10477532364666
38.77459497124572;-77.25558681516515
38.837751737683114;-77.45331213398504
38.76371889439779;-77.22377666234625
38.87870380593943;-77.27492985990465
38.853579013865044;-77.11577280245477
36.66609104410857;-82.17930227923932
38.577495693748745;-77.27107064697643
38.79876289918837;-77.31454645950463
39.145434306672314;-77.1419967799661
38.891824488433265;-77.3789705594911
39.38937332654126;-77.4919610919347
38.830959522842;-77.42423652240092
38.894611573300296;-77.41633388759683
38.83874341819226;-77.19127339378728
38.60920890358368;-77.30198640634806
38.85863205429947;-77.3261941207113
38.026286603162674;-78.47911666148377
38.77945835432794;-77.15774792609866
38.94137401817899;-77.01924917717771
38.816092030136055;-77.04947375082409
38.88119932650252;-77.10803600469184
38.8749393809109;-77.29544074789862
38.980409367517936;-77.52013944351685
38.405101241877816;-77.56259496434603
38.67997854384418;-77.44873142071759
39.14315809785629;-77.1379694354545
38.882876545399874;-77.51072217329757
38.941295441887185;-77.17334202813294
38.95580821898242;-77.4189132483077
38.904593032206456;-77.41101101790986
38.72491376966533;-77.01962299381509
38.4561872931149;-77.44516420433594
39.01487633841191;-77.3811248725826
38.73270219715282;-77.02449321146989
38.59392584267361;-76.61974483615317
38.88175530492753;-77.1061615134105
38.842411022560164;-77.4317419883078
38.24251981395411;-77.52449379956214
38.621503686011145;-77.39494394000882
38.49409378930995;-77.37713995261971
38.88463617677736;-77.10562666074614
38.77528278926753;-76.89932113620506
38.840049615920115;-77.3089885933603
39.08924308614585;-77.03900162971824
39.04375879338193;-77.39959718335072
38.83220836495934;-77.44205317793188
38.23753052849827;-77.46519979680562
38.88841135393121;-77.08068992553771
38.85084707820285;-76.98240295377279
38.86416667094019;-76.76873025858234
38.94064127394303;-77.39202427368325
38.491873571777816;-75.12082128164813
39.04885555861343;-77.39775865579912
38.85555014432116;-77.34155665285871
38.88201269259734;-77.1080073620993
38.67708363978918;-77.2732992785255
38.83176026822807;-77.45493314510138
38.34231352423142;-77.05387223977176
38.76357275779818;-77.60982153277669
38.86602832322458;-77.14110981706098
38.95919840119512;-77.52311280219187
38.77262430081266;-77.09096681016123
38.86400359476631;-77.34920049378174
38.42225938571945;-77.40704233392925
38.5795560123176;-77.75937902390156
38.744622506327715;-77.06038339297474
38.86563261765359;-77.42517101940368
38.77806708367519;-77.07180787567628
38.86140887865757;-77.07631103665886
38.8828070108392;-77.41533251796194
38.71309655143118;-77.77802558043406
38.964221609462186;-77.58216643375741
38.49955807496449;-77.720171031804
38.91125410731594;-77.51195012049797
38.20002119739113;-77.48236110258453
38.87978151753968;-77.10704025357595
38.91986244300412;-76.88876944032111
38.95999305378634;-77.41913463323998
38.993218414347865;-77.39705361812733
38.98513174851613;-77.53276713539857
38.929914107607914;-77.40771353099608
38.2352777090178;-77.51469736840434
38.53249644659804;-77.79515719037613
38.955095234303286;-77.16611566253259
38.263128168780035;-77.48277504318439
39.14497788001017;-77.19374974942475
38.71658752674393;-77.20501364813349
39.16099276476457;-77.05709646748956
39.044868454683794;-77.43954102996922
38.288341189001734;-77.47790624178818
38.97355734082518;-77.12551226677691
38.90116372364924;-76.98082477612186
38.87845120815674;-77.22932171678231
39.103472579439284;-77.55533277930043
38.35548710535975;-77.50478310631568
38.97097734503697;-77.51258330977937
38.8172846551686;-77.27677256322134
38.809860315093765;-77.11089281674145
39.01832521491085;-76.98324444792404
38.81093758417218;-77.44573107749856
38.78912859859212;-77.24329631270612
38.8466972078125;-77.45722230175383
38.862892226746666;-77.14874648633968
38.94167105840897;-76.84315551633044
38.59876512181582;-77.28903480628078
38.72118723177145;-77.78961231510667
38.80361816332895;-77.35157506006242
38.85435392324579;-77.41705163833078
39.21973396225343;-77.28570045492627
38.8955875448817;-76.94132887911347
38.7599255761489;-77.25072135871444
38.81865456836412;-76.90500311891181
38.61852504576763;-77.30964157169498
38.36806240962454;-77.5311715314758
38.9625001155021;-77.54070486534178
39.04786710243831;-77.72479863146584
38.36129252758134;-77.58003307995418
38.99586137124675;-77.07710528370258
38.895282139197725;-77.17241485563909
38.61286309794275;-77.28354451017758
38.80304504423977;-77.06710919757542
38.77484548690747;-77.14531881343098
38.66972031777534;-77.91508423600897
38.930275521019375;-77.21029008516705
38.87598603251715;-77.1094431124724
38.973061552506685;-77.53592921514543
39.039881531762866;-77.0491532498564
38.405996336627425;-77.51092266440655
38.869358382656976;-77.20995347900882
39.102584054619214;-76.86538838045747
38.85798034604351;-77.58788246430936
38.86468919094941;-77.36594894686462
38.80108170228129;-77.16207059402683
38.644149567818275;-77.38497563999653
38.95001371112784;-77.35730039878258
38.892426166229846;-76.94952736937638
38.87045489004712;-77.26795195147393
38.98144741978112;-76.95075637269545
38.92253788888393;-76.95746813190301
38.79648243443055;-77.32303647190763
38.813353709818344;-77.10566602920106
38.90266067304901;-77.48611073839936
38.89784458353582;-76.86724639397376
38.65205255250078;-77.01564716587094
38.62859492659538;-76.95685764502846
38.499129711516254;-77.3796377833542
39.12659951096533;-77.17794260901383
38.83466477866418;-76.84575762981827
38.97055037475045;-77.51546109024986
38.81018241476006;-77.23366357719607
38.455530891872655;-77.24537785870743
38.97672396565419;-77.06227996513468
38.892580547544675;-76.74180330639395
39.08585089405138;-77.52476182816403
38.81359807517883;-77.10951450341307
39.03883670963995;-77.03849553123844
38.73685528983555;-77.45620386868917
38.712670391780364;-77.19477449559744
39.053024562968794;-77.48603461626153
38.90348550357084;-77.55045312791431
38.73575279866617;-77.10076519452119
38.83320815734389;-77.39787611459573
38.8184069735871;-77.21961594052013
38.808581487147435;-77.66845410757763
38.763242102409144;-77.61406727620758
38.86386305043169;-76.92109911296775
38.81941780768969;-77.0495195328843
38.8624040025963;-77.32842022522274
38.73684105257058;-77.2388699593462
38.84334776985811;-77.12114040066416
37.64574561254175;-77.6315120066971
39.16074266050759;-77.29996095584396
39.078677474240706;-77.06570035586202
38.77498164957494;-77.14353880267144
38.754765547304736;-77.15544753041932
38.27776745421263;-77.60151690300286
38.96536501097853;-77.39959042033595
37.48141111265998;-77.65279358670173
37.083925298395606;-78.94725632004747
38.98617931776728;-77.08535733555762
38.85358354243096;-77.12090019299431
39.058662129862064;-77.44033934618429
38.82191130107604;-76.90302756720237
38.70226524658445;-77.78974695001894
38.62951593351981;-77.34759114784215
38.78964227413526;-77.27202839429731
38.85593184516461;-77.10444404768931
38.75995988561762;-77.16795971481845
38.75841106178989;-77.56936590738692
39.01654779071365;-77.50984398570806
38.873545659941556;-77.36148364436545
38.838671496018975;-77.42266757481084
38.65224155221209;-77.23683301302488
38.91289033365428;-77.23880594309449
38.944817047589275;-77.40471250371917
38.966691099414646;-77.54084673677046
38.86161780682174;-77.14848571618315
38.37773298862965;-77.59240353508376
38.847358024601576;-77.4528320973867
38.88568084569265;-77.11777441190922
38.167311552419584;-77.59273294213389
38.74915505842161;-77.6413206175701
38.88611017995157;-76.75370747802215
38.78239294980839;-77.26795863205415
38.89520878815654;-76.86748969167246
39.00782951011683;-77.00103433518618
39.28177268827625;-77.62324221831726
38.71727740435751;-76.84415226625592
38.90125513467007;-77.13077117444581
38.87785075772779;-76.93401950426511
38.843956998733894;-77.11436267751355
39.44477129790247;-77.45608477904054
38.739177326505555;-76.92873196937609
38.829307284366195;-77.123341678193
38.90238612104058;-77.3194021906235
38.93361551661239;-77.54056936149341
38.8187289082894;-77.13754488781534
39.100691370123876;-77.64544203782759
38.64547545214688;-77.31358888387058
39.02510521821025;-77.15493914196605
38.8450994432276;-77.41254351380124
39.03979832732246;-77.52072228549126
38.82245863631034;-77.23800731381391
38.807282088955226;-77.11791986806759
39.07131933435662;-76.85463056033547
37.56462077227758;-77.48796000379494
38.80956481409554;-77.10573368932481
38.31064776062259;-77.61193952351621
38.95461048080796;-77.42560795896185
38.91963272680736;-77.00069149545715
38.879151095801035;-77.00324134634157
38.85429808487521;-77.34339661322808
38.86280668404837;-77.42155312984036
38.824864172862;-76.99885904013496
39.094994421968465;-77.5103650003092
38.9916373727721;-77.49189573238044
38.786320956498;-77.13473839578897
38.85398863422188;-77.41440541240158
38.774488764604406;-77.44395217185586
38.831133057738555;-77.0473459899299
38.63444269932594;-77.07926566437926
38.75876977779597;-77.7508544563375
38.875933861738886;-77.10880987573907
38.96459704413885;-77.03264616247824
39.1448464964466;-76.57461081417652
39.26221337951949;-76.84322309738837
38.90764746086139;-77.03625816528336
38.8359135298368;-77.40534036184557
38.70363475906981;-77.21503011335128
38.86036655919858;-77.05692088577614
39.389889148712804;-77.89089342523712
38.765201073272436;-77.4347947730334
39.0546150027791;-77.46531420675139
38.662248078517436;-77.24166903178754
38.85214964008268;-77.22392012759093
38.8711765781089;-77.21200079628477
38.19347309814272;-77.62047253473064
38.45257302751538;-78.00164539645327
38.877265604276545;-77.5187933965414
38.910840261095714;-77.49739719683357
38.621773712212125;-77.35459865621152
38.590292790463195;-77.3029918345499
37.337787709048996;-77.36847799623737
38.8215754207831;-77.1196473472466
39.097924311785846;-77.48923913602141
38.83544209430463;-77.38594506033384
38.75973075644165;-77.0773670523889
39.20185193552662;-76.8927479185103
38.856541065304825;-77.36942790027942
38.88014216434365;-77.10758092630599
38.59368886228482;-77.26980714743034
38.73744722264293;-77.55528271380535
38.91253085981396;-77.54230768192393
38.977182627925295;-77.40142319925566
38.89363217013329;-76.94898195510768
39.0527597645306;-77.51399583727664
38.787641803733344;-77.28682951296261
38.72698787625084;-77.78759129537079
38.8310017018406;-77.6101238074583
38.93078539300016;-77.0277442042073
38.89580731520662;-77.15025783399703
38.460758843328556;-78.0074068823258
38.85818165328906;-77.05545430005706
38.797646673643705;-77.32254334660189
38.75003919115063;-77.57461965711828
38.97854848746499;-77.52523216645761
38.940766649816005;-77.36211035078313
38.706431212906146;-77.20213790753564
38.823111188460004;-76.7613649348431
38.42217038371641;-77.48277945857242
39.05395179690795;-77.46685846436488
38.646309344173204;-76.99825603208758
39.10406167191137;-77.54712017669121
38.888275937310326;-77.39213604723727
38.84876616390644;-76.98328303755578
38.843888717675156;-77.41591691517331
38.74103317366946;-77.08908140454251
38.951940173842175;-76.79648010085083
38.90508487848752;-77.5170720668593
38.34068672360416;-77.37093422498259
38.43986607950291;-77.40987703280129
39.21911798451044;-77.29642763123648
38.82369213561867;-77.1494207975144
38.90737338487785;-77.39596122242118
38.02526902126468;-77.52293639655562
38.909177161389245;-77.5084580250911
38.9290769865499;-76.84739621275843
38.67710908657094;-76.8782889819324
36.799826355182155;-76.40550662812879
38.67338147440456;-77.33179046231518
38.91973943743626;-77.03095083361121
38.88944655718475;-77.4275534262809
38.915527707888415;-77.21710840229866
39.05712756062965;-78.28151849732953
39.028484771006276;-77.35900995970668
38.97194611785042;-77.49215157808135
37.48581994803252;-77.48350008932462
38.83490325137694;-77.41899008534244
39.206738216133644;-76.93364511883334
38.91310634615578;-77.01395653786464
38.455743716984145;-76.71137560757353
38.99766907607293;-76.8662548388938
38.81016662999581;-77.20249832794086
38.818168332246394;-77.61178554789336
38.736591668536256;-77.09688220325495
38.86187268418099;-77.37667294545253
38.915310909160056;-77.56371421601045
38.823469519569464;-77.1673211464924
38.67725517610483;-77.54391846480394
38.72808272009672;-77.45263292466949
38.93634449707579;-77.58481927825129
38.953271572961604;-77.39349421401805
38.89453981553219;-77.41930404013902
39.00208067827251;-77.50018186494042
38.76624803409951;-77.62014637666111
38.90168894966849;-77.15466485371839
38.488110195598765;-77.38769008254444
38.92546905287602;-76.87136262214993
38.8960815270599;-77.50871632083631
38.808785456947014;-77.301842345024
38.387349827943055;-76.63540940835453
38.85121689390953;-77.44646297303943
38.76081028526843;-77.49139520258237
38.94583111280789;-77.41779268091952
38.928157619502144;-77.21885337236714
39.03777931852412;-77.36990958384817
39.367864611435294;-77.22027643808677
38.826107162682476;-77.6105193566839
38.761495409460565;-77.562030512187
39.04757271243016;-77.3735081510624
38.98586349802379;-77.53068731068431
38.4218546952062;-77.40103148646016
38.668367384308645;-77.40007580685719
38.909361394909254;-77.4102877144018
38.88737484116758;-77.22697547741436
38.36145581660982;-76.40506710689411
38.85729707332797;-77.24509287200243
39.449040668713444;-77.39208479723852
38.270453059328176;-77.574868871713
37.34036658600572;-77.3666348865185
38.595119363419975;-77.28313580382911
38.96443015641024;-77.28242813565713
39.04438693162109;-76.93858146469807
37.2713785845014;-76.66312754098037
38.67405242975029;-77.32836085874185
38.771607882731274;-77.22631110556526
38.858288053837754;-77.35766414697032
38.00204291448313;-78.49549066503067
38.834585933838554;-76.8931059888322
38.81763705222378;-77.61128730025871
38.89517116677618;-77.50367804585086
38.631793209309414;-77.36774231490779
38.86969924545887;-77.27858161557093
38.96450427454677;-77.52705926461417
38.85426708131407;-77.47242284359493
38.88123221521423;-77.44280771705857
38.888656974653586;-77.26451231319828
38.918982032428104;-77.03196703560343
38.61815547688923;-77.37171944512254
38.87739392990346;-77.37872071446188
38.15380727987806;-77.52745547104576
39.1398803728328;-77.16615304004715
39.30347478990731;-78.0654249219298
38.87184296316807;-77.3646084463812
38.47806617944717;-77.37551301223489
38.88192093536154;-77.39483069650869
38.94529043285057;-77.06297924313624
38.83258704258939;-76.81212228515672
38.8362510393485;-77.26987495613542
38.78653755983976;-77.60408358444629
38.72849511735557;-77.46083106096863
37.49210740699758;-77.46152495192521
38.82291969271282;-77.42058961174641
38.626769271030284;-77.34306731876609
38.87763326616162;-77.17129156179018
38.897966852974506;-77.23735190804136
38.27888654030907;-77.52007532469034
37.63306726380865;-76.35301159431216
38.94875902709332;-77.56386019216284
39.13501109445494;-77.70948796140031
38.81298731583466;-77.20422358571972
38.88315592877444;-77.10143572545464
38.80292280339953;-77.07254945209758
38.90667619978611;-77.5037811518008
38.47803727310632;-77.4848480039846
38.73782620101465;-77.7068966681677
39.00105057336175;-76.74770340399466
39.245552834652116;-76.79556566189478
38.88031544763861;-77.29876828059236
38.939190656706714;-76.86965464579416
38.68808962285814;-77.3419331566147
39.0152637759114;-77.51016999406617
38.81675717102251;-76.99480437555458
38.99597614259732;-77.39598500213945
39.025458091922495;-77.46842738786944
38.85366797854091;-77.37274790389904
38.73032633543535;-77.42882149083032
38.944105275016554;-77.40378388603467
38.896229623851156;-77.54849597660132
38.7668269878881;-77.43480612323387
38.7665199759633;-77.4262208721448
38.87078948693654;-77.414307581412
38.82267132109508;-77.13706096201096
39.1809897606841;-77.30258168408292
39.0396160956795;-77.39408254451939
38.873458475828215;-77.11020449615201
38.88892483184079;-76.91991710604857
38.74377657366349;-77.09824261174644
38.897758063080055;-76.93777199153031
38.8454382330469;-77.13235740333334
38.82188759419237;-77.06243418920211
38.833924126450576;-77.43783529584995
38.79624963008022;-77.29285987414423
38.6139888374442;-77.35847884162483
38.96246675733785;-77.00505524431722
39.08171155604552;-77.23134315161086
38.89146274876204;-77.20396168608593
38.856482427125165;-77.35487714991358
38.929419381051815;-77.22708676978229
38.283507084006565;-77.55006656255883
38.88022439142034;-77.1108361647605
38.85700411047307;-77.36508495820507
38.999526717890994;-77.04024321631528
39.024306917996256;-77.08240606287174
38.8945469323311;-77.12130815393151
38.75104278220307;-77.01171326804041
38.30377004305474;-77.5841184492343
38.92604221170423;-77.04025795766785
38.875939078191834;-77.15318188664753
39.0440592087266;-77.39339162926446
38.67651300326349;-77.27505012112826
38.850342168856;-77.29558935530223
38.48554799808701;-77.34964610154373
38.07192878895456;-78.49214467601996
38.71492614831988;-77.20759497953713
38.60035025764591;-77.29031868643214
38.95770328948501;-77.41224734793411
39.08517294568262;-77.50673732553886
38.967121266606604;-77.59763697142482
38.87680234835097;-76.8179763196815
38.64212634531295;-77.36938484251854
39.176517616551656;-77.20418476417211
38.951651823181024;-77.01312714950059
38.70808722870902;-77.68221052423503
38.98462905463332;-77.54125815766137
38.99108743512424;-76.83470482218713
38.80682511551169;-77.1250173689899
38.850232017810654;-77.46011553532874
39.146140835875116;-76.68564010245436
39.09389683211841;-77.56612991507093
38.68636360018942;-77.31716469921079
39.01857645091508;-77.00475687755188
38.77586307097934;-77.19423811913676
39.43918731141105;-75.73978904401311
38.95358826876039;-77.57081449432377
38.845253343749924;-77.12341114721528
38.61143118183458;-77.29874244638988
38.903584418239575;-77.48988961549414
39.04386002335474;-76.98191275647447
39.095917943997065;-76.92228766093587
38.8788101057371;-77.23277405077792
38.60971664377266;-76.890530279546
38.62972471971689;-77.32600539708683
38.99874110320978;-77.52095626695699
38.83525679579321;-77.41019354132727
38.28303326314236;-77.53714084831215
38.941746608422285;-77.40901281382693
38.279411578888364;-77.52126149282034
38.9526233899434;-77.40843149314978
38.82664679281826;-77.04558467784197
38.81562568870868;-77.0961650050422
38.86423500540605;-77.37484569799669
38.68223802629585;-77.34510822886332
38.88668467601493;-77.11251456035919
38.9520426676363;-76.71547904479249
38.847321276729716;-77.3495329125445
36.87770893493171;-76.4129936399067
39.06609409135196;-76.72761803269377
38.17128460413009;-77.4882981684036
38.93905733707477;-76.72532466384168
38.46102265567164;-77.38555292983763
39.01129923636485;-77.51422554811306
38.7375648261584;-77.5560990530069
38.870128628051994;-76.93895483740289
38.585140546501734;-77.29928917597431
38.91265852202177;-77.5614580066257
39.185459059099735;-76.78523550564155
38.66057537083783;-77.3084387601433
38.76243049869352;-77.61125838945803
39.03015230245424;-77.09080317810208
38.97436279220505;-77.49955142211076
39.02658887428971;-77.48828701806133
39.038557443263485;-77.47782744395336
38.73393109546569;-77.56036496129175
38.868192609877944;-77.42372456993976
38.99003218159763;-77.49872798866191
38.49794708429996;-77.51648958168035
38.842441633140865;-77.11559481874642
38.94393028274006;-77.34945449365328
38.284418108671495;-77.55590271139012
38.92848923574786;-77.53085178349568
38.86886214868235;-77.2291936315198
38.871609569747946;-77.19245654483404
39.288348364284865;-76.71377974573657
38.47752574037422;-77.43719949694795
38.82102265538676;-77.60846487912725
38.94379945809829;-77.39354120316841
38.83261505472574;-77.44260155385062
38.60580297215289;-77.3290648276343
38.633181238555046;-76.98873489543475
38.873223881000264;-76.82082351136064
39.34472326503552;-78.02082810405705
38.90240092234778;-77.09612990089359
38.83931563847133;-77.00039043756406
38.77226571902228;-77.11544863931569
39.09984025877033;-77.50987408184479
38.76739944524767;-77.50403337525694
38.03448248500892;-77.7110795071083
38.861004650652006;-77.06492054229209
39.01544162371018;-77.51009850187477
38.85786643608396;-77.38116171096178
39.08699249531151;-77.0781804106061
38.646641989773016;-77.45114421834077
38.89156700722097;-77.50329594647833
38.81989136974275;-77.41412617012884
39.08609962509162;-78.1743061435692
38.80848930955481;-77.6376736512479
39.0828930298162;-77.49190871895614
38.97309906942961;-77.52190274294303
38.246950206622905;-77.41721286976576
38.95239254608347;-77.56075328408163
39.090093992370214;-77.21868085133232
38.89640772523479;-77.29289603570413
38.74038020848709;-77.4854113154987
38.87792973510424;-77.52731143638813
38.79382148313962;-77.08798625013526
38.74683796204677;-77.23906391662592
38.86472311419699;-77.45655843328852
39.100277885006314;-77.59127417972921
38.8558394860909;-77.46522174654537
38.91873885484049;-77.53326968612356
38.20147416179927;-76.96201424624415
38.896734586142706;-77.49356141391259
38.99991423461769;-77.52263638385111
38.85795893331663;-77.37841543192953
39.03573269890373;-77.52751541902315
38.903794521829795;-77.5750452298142
38.92695560068898;-77.40192918421847
38.87777525154846;-76.76340947938212
38.88977142078135;-77.42950767163849
38.81934895219403;-77.6262490656364
38.87616546869709;-77.43297765744896
38.06069034856545;-77.56254098249723
38.993174317931434;-77.50896560715572
38.748234212984094;-77.55734495063493
38.81884502528266;-77.62642760977447
39.14840569115449;-77.0496747359125
38.9057403016789;-77.5141437082043
38.90212763545843;-77.39829522477483
39.01072391668076;-77.34282639368061
38.89754203028808;-77.3884975531393
38.727650746887306;-77.45432350400137
38.81077351309732;-77.42424178816498
38.81089466078361;-77.65901585956522
38.92556060218016;-77.53102455948292
38.72752738329008;-77.2425464138361
38.761234100005225;-77.27566700502739
38.903912080662415;-77.51471212689798
38.76871864009948;-77.60575253627844
38.85553089017776;-77.34326674627984
38.2834215333878;-77.50917806269935
38.33380805175667;-77.7424625485482
38.900488113222295;-77.12199356244265
38.86982715848553;-77.35947561952453
38.8952128881539;-77.40411904646305
38.76556341157915;-77.56712259217554
38.97455664663097;-77.53588339441836
39.01588000100619;-77.11731811578598
38.683760387454235;-77.5362493872017
39.15523728591174;-77.55474016753475
38.77546756198807;-76.87866193512636
38.884921997814516;-77.51139081522945
38.75595146451034;-77.07233165680873
38.717146980645246;-77.77777751594913
38.967325734796106;-77.52295408769294
37.65605002127462;-77.51725943846195
38.43520969725105;-77.40047520830372
38.820995376716674;-77.41924488686904
38.746674373992676;-77.27180175761751
39.00040869175768;-78.34302889067507
38.81881762263461;-77.43220372135532
38.88522122347221;-77.10752910991972
38.96991735898448;-77.54060004982324
38.03524352091472;-77.64148025569926
38.83036034189022;-76.74079592923171
38.894042253693385;-77.18418321063724
38.276100226837315;-77.30033164866354
38.66123483830074;-77.87286707568026
39.052876212428956;-77.18160668609983
38.826705460847805;-77.2462317797768
38.85539644460905;-77.40856173469042
38.97937591453543;-77.54106674246259
38.83718600993383;-77.66681527642808
38.05411682789258;-78.61924107485947
38.76779147258708;-77.6004189670052
39.084553314877375;-77.09776743177837
38.7367877366953;-77.561361178332
39.00824726165563;-77.48161251780975
38.85123649113526;-77.2176078191444
38.83797793244458;-77.26503529952436
39.08574093052024;-77.5504906590844
39.09596740016743;-77.53793923212496
38.853010248026;-77.62063824684225
38.86433407195986;-77.34860259266033
38.88678890855829;-77.26124002736736
38.88529004910212;-77.25851466295987
39.22351512109867;-76.87860510133058
38.87392894976694;-77.3112608112689
38.88076213818631;-77.57003775011135
38.73491575283885;-77.06858513292241
38.835143271110965;-77.43838860139303
38.900858376329616;-77.52049872603091
39.01080391272459;-77.38871661759953
38.944384975595106;-77.39843530346317
38.9322124306014;-77.41627582337581
38.92676245535891;-77.57670471414819
38.80758176037405;-77.30436418877868
38.95320498129398;-77.54627749028764
38.84570106974475;-77.6345692776411
38.850318637797706;-77.3507006641763
39.13358039301237;-77.65950900732358
38.685827361618955;-77.33366461426783
38.92167934447365;-77.55556494614154
38.985847726626666;-77.39261670059187
38.90186161674136;-77.42347721166966
37.52227294494765;-77.58093766167366
38.72880679267257;-77.49900720552309
37.60991816598284;-77.61099878050983
38.90727961698423;-77.51451026443048
38.79666054269555;-77.29356183299224
38.841162941228866;-77.4552322567993
38.968288955657286;-77.58654703456371
39.240262495579884;-76.93198110462968
38.82566559137027;-77.59360191054499
38.816965203351565;-77.24029670676374
38.89545252406887;-77.08254803534639
38.93439603126991;-77.58085937318678
38.89752206004291;-77.54462946256773
38.81672564377012;-77.43477315919513
38.61030592214798;-77.25791076346427
38.944697771021275;-77.39451292652184
38.90148587058389;-77.3196579283281
38.84559772303902;-77.47982450633077
38.83365171968412;-77.4583777416993
38.79967514960679;-77.0489470679182
38.91584965710306;-77.40748201418195
38.76373594397847;-77.09337229786699
38.69199165614133;-77.29848778773352
38.89472358346992;-76.90846274491294
38.87994294136842;-77.22377846197227
38.87781761771983;-76.90063382479696
38.867958565310026;-77.5452571191105
38.93045765039638;-77.5734618241624
38.69212777395874;-77.3303423099434
38.86667695746322;-77.2861388841919
38.72018390712049;-77.77782779118762
38.04577518585789;-77.72591513862879
38.85175517937823;-77.38888649716134
38.87189374187303;-77.36314296904702
39.26683272585885;-77.87884142299829
38.91278285645217;-77.15897339970445
39.12473310476887;-77.71797649575252
38.96982955809617;-77.58823424585117
38.91307056983542;-77.16973077019657
38.14965178103176;-77.34158713689918
38.87446289039941;-77.40426935786611
38.6913322159992;-77.30159764915435
38.80214331418476;-77.24993905357678
39.02909003813789;-78.1861691814867
38.814719700778056;-77.04835856349068
38.980759429833824;-77.50442419494688
38.44679646193214;-78.03248843432038
38.31389104838283;-77.87568116487026
38.78065687210008;-77.00508641232047
38.86178763006001;-77.31881930248113
38.86661500340861;-77.45248503820886
38.9470685829058;-77.4054224200953
39.61991349023179;-77.41693192740243
38.83018135317315;-77.4136826433613
38.06705714996801;-78.70526433082635
38.96366447870593;-77.4081849977751
38.76489667080719;-77.25079989541963
38.762846094088914;-77.27631650348464
38.84246061279237;-77.4367064345409
38.78607027584108;-77.13483254648376
38.93913629155808;-77.39543261758547
38.918305992280644;-77.11347201499657
38.578594942826086;-77.27708583566348
39.00154813602386;-77.50961271799814
38.92094865152735;-77.38529040622676
38.90093345625129;-77.5562147880582
38.59180938039574;-77.30883352694389
38.85237659324714;-77.40719352028816
38.82981981544157;-77.05450503738355
38.97405762679798;-77.50986876718017
38.45556301558775;-78.23946739669496
38.83981676251163;-77.32717281819782
39.06172434509212;-77.48273327627624
38.89148239271693;-77.17560323432315
38.79445758517653;-77.44071858183948
38.94005041014631;-77.57754932005678
